{"features": ["property_area", "house_age", "house_style", "neighborhood", "overall_quality", "overall_condition", "spaciousness", "remodel_age", "bath_area", "bsmt_area", "garage_area", "garage_age", "has_2ndfloor", "has_porch", "has_multiple_kitchen"], "artifact": {"model": "lightgbm", "usi": "7f86"}, "cv": {"folds": 10, "random_state": 42, "strategy": "KFold"}, "train": {"r2": {"mean": 0.7958520947577343, "std": 0.0006133059276848833}, "mae": {"mean": 23295.25865757974, "std": 36.79589431962639}, "mse": {"mean": 951730938.7120478, "std": 2928503.5694571515}, "rmse": {"mean": 30850.10023261406, "std": 47.479992772611}}, "test": {"r2": {"mean": 0.7549747313576448, "std": 0.007512197710498821}, "mae": {"mean": 25067.619029672504, "std": 277.04066162549424}, "mse": {"mean": 1141323586.6538262, "std": 32714005.29443445}, "rmse": {"mean": 33780.03300841731, "std": 482.65578217089023}}}