{"artifact": {"model": "lightgbm", "usi": "b1ad"}, "cv": {"folds": 10, "random_state": 42, "strategy": "KFold"}, "train": {"r2": {"mean": 0.7803861148656471, "std": 0.0007884571689913168}, "mae": {"mean": 23895.31921644423, "std": 25.615147524762772}, "mse": {"mean": 1023830818.0529432, "std": 3135813.5772740007}, "rmse": {"mean": 31997.318863931367, "std": 49.026246492598595}}, "test": {"r2": {"mean": 0.7543035608690836, "std": 0.007726067130397113}, "mae": {"mean": 25092.554496348195, "std": 268.29352245425883}, "mse": {"mean": 1144454164.9999552, "std": 33882295.05825477}, "rmse": {"mean": 33826.09043977512, "std": 499.77050744282616}}}